CREATE DATABASE  IF NOT EXISTS `mn_database` /*!40100 DEFAULT CHARACTER SET utf8mb4 COLLATE utf8mb4_general_ci */;
USE `mn_database`;
-- MySQL dump 10.13  Distrib 8.0.38, for Win64 (x86_64)
--
-- Host: 127.0.0.1    Database: mn_database
-- ------------------------------------------------------
-- Server version	5.5.5-10.4.32-MariaDB

/*!40101 SET @OLD_CHARACTER_SET_CLIENT=@@CHARACTER_SET_CLIENT */;
/*!40101 SET @OLD_CHARACTER_SET_RESULTS=@@CHARACTER_SET_RESULTS */;
/*!40101 SET @OLD_COLLATION_CONNECTION=@@COLLATION_CONNECTION */;
/*!50503 SET NAMES utf8 */;
/*!40103 SET @OLD_TIME_ZONE=@@TIME_ZONE */;
/*!40103 SET TIME_ZONE='+00:00' */;
/*!40014 SET @OLD_UNIQUE_CHECKS=@@UNIQUE_CHECKS, UNIQUE_CHECKS=0 */;
/*!40014 SET @OLD_FOREIGN_KEY_CHECKS=@@FOREIGN_KEY_CHECKS, FOREIGN_KEY_CHECKS=0 */;
/*!40101 SET @OLD_SQL_MODE=@@SQL_MODE, SQL_MODE='NO_AUTO_VALUE_ON_ZERO' */;
/*!40111 SET @OLD_SQL_NOTES=@@SQL_NOTES, SQL_NOTES=0 */;

--
-- Table structure for table `estados`
--

DROP TABLE IF EXISTS `estados`;
/*!40101 SET @saved_cs_client     = @@character_set_client */;
/*!50503 SET character_set_client = utf8mb4 */;
CREATE TABLE `estados` (
  `Id` int(11) NOT NULL AUTO_INCREMENT,
  `Descripcion` varchar(200) NOT NULL,
  PRIMARY KEY (`Id`)
) ENGINE=InnoDB AUTO_INCREMENT=6 DEFAULT CHARSET=utf8mb4 COLLATE=utf8mb4_general_ci;
/*!40101 SET character_set_client = @saved_cs_client */;

--
-- Dumping data for table `estados`
--

LOCK TABLES `estados` WRITE;
/*!40000 ALTER TABLE `estados` DISABLE KEYS */;
INSERT INTO `estados` VALUES (1,'En Proceso'),(2,'En Entrevista'),(3,'Contratado'),(4,'Rechazado'),(5,'Archivado');
/*!40000 ALTER TABLE `estados` ENABLE KEYS */;
UNLOCK TABLES;

--
-- Table structure for table `oferta`
--

DROP TABLE IF EXISTS `oferta`;
/*!40101 SET @saved_cs_client     = @@character_set_client */;
/*!50503 SET character_set_client = utf8mb4 */;
CREATE TABLE `oferta` (
  `Id` bigint(20) NOT NULL AUTO_INCREMENT,
  `IdPuesto` bigint(20) NOT NULL,
  `Salario` decimal(10,2) NOT NULL,
  `Horario` varchar(255) NOT NULL,
  `Estado` bit(1) DEFAULT NULL,
  `Imagen` varchar(2500) DEFAULT NULL,
  PRIMARY KEY (`Id`),
  KEY `FK_OfertaPuesto` (`IdPuesto`),
  CONSTRAINT `FK_OfertaPuesto` FOREIGN KEY (`IdPuesto`) REFERENCES `puesto` (`Id`)
) ENGINE=InnoDB AUTO_INCREMENT=8 DEFAULT CHARSET=utf8mb4 COLLATE=utf8mb4_general_ci;
/*!40101 SET character_set_client = @saved_cs_client */;

--
-- Dumping data for table `oferta`
--

LOCK TABLES `oferta` WRITE;
/*!40000 ALTER TABLE `oferta` DISABLE KEYS */;
INSERT INTO `oferta` VALUES (4,6,5350.00,'Lunes a Sábado de 8:00 a 18:00',_binary '','../Img/R.png'),(5,6,2250.00,'Lunes a Viernes de 8:00 a 17:00',_binary '','../Img/logo1.png'),(6,6,3250.00,'Lunes a Viernes de 8:00 a 17:00',_binary '','../Img/logo1.png'),(7,7,7000.00,'Lunes a Sábados de 10:00 am - 07:00 pm',_binary '','../Img/R.png');
/*!40000 ALTER TABLE `oferta` ENABLE KEYS */;
UNLOCK TABLES;

--
-- Table structure for table `perfil`
--

DROP TABLE IF EXISTS `perfil`;
/*!40101 SET @saved_cs_client     = @@character_set_client */;
/*!50503 SET character_set_client = utf8mb4 */;
CREATE TABLE `perfil` (
  `Id` bigint(20) NOT NULL AUTO_INCREMENT,
  `Nombre` varchar(50) NOT NULL,
  PRIMARY KEY (`Id`)
) ENGINE=InnoDB AUTO_INCREMENT=3 DEFAULT CHARSET=utf8mb4 COLLATE=utf8mb4_general_ci;
/*!40101 SET character_set_client = @saved_cs_client */;

--
-- Dumping data for table `perfil`
--

LOCK TABLES `perfil` WRITE;
/*!40000 ALTER TABLE `perfil` DISABLE KEYS */;
INSERT INTO `perfil` VALUES (1,'Reclutador(a)'),(2,'Usuario(a)');
/*!40000 ALTER TABLE `perfil` ENABLE KEYS */;
UNLOCK TABLES;

--
-- Table structure for table `puesto`
--

DROP TABLE IF EXISTS `puesto`;
/*!40101 SET @saved_cs_client     = @@character_set_client */;
/*!50503 SET character_set_client = utf8mb4 */;
CREATE TABLE `puesto` (
  `Id` bigint(20) NOT NULL AUTO_INCREMENT,
  `Nombre` varchar(50) NOT NULL,
  `Descripcion` varchar(255) NOT NULL,
  PRIMARY KEY (`Id`)
) ENGINE=InnoDB AUTO_INCREMENT=8 DEFAULT CHARSET=utf8mb4 COLLATE=utf8mb4_general_ci;
/*!40101 SET character_set_client = @saved_cs_client */;

--
-- Dumping data for table `puesto`
--

LOCK TABLES `puesto` WRITE;
/*!40000 ALTER TABLE `puesto` DISABLE KEYS */;
INSERT INTO `puesto` VALUES (6,'Programador PHP','Desarrollar sistemas en PHP\r\nDesarrollar estructuras de base de datos en MySQL\r\nManejo de credenciales de usuario'),(7,'Analista de amenazas en la red','Actualizar antivirus\r\nRevisar el tráfico de red\r\nActualizar servidores');
/*!40000 ALTER TABLE `puesto` ENABLE KEYS */;
UNLOCK TABLES;

--
-- Table structure for table `usuario`
--

DROP TABLE IF EXISTS `usuario`;
/*!40101 SET @saved_cs_client     = @@character_set_client */;
/*!50503 SET character_set_client = utf8mb4 */;
CREATE TABLE `usuario` (
  `Id` bigint(20) NOT NULL AUTO_INCREMENT,
  `Identificacion` varchar(15) NOT NULL,
  `Nombre` varchar(250) NOT NULL,
  `Correo` varchar(100) NOT NULL,
  `Contrasenna` varchar(15) NOT NULL,
  `IdPerfil` bigint(20) NOT NULL,
  PRIMARY KEY (`Id`),
  UNIQUE KEY `UK_Identificacion` (`Identificacion`),
  UNIQUE KEY `Uk_Correo` (`Correo`),
  KEY `FK_UsuarioPerfil` (`IdPerfil`),
  CONSTRAINT `FK_UsuarioPerfil` FOREIGN KEY (`IdPerfil`) REFERENCES `perfil` (`Id`)
) ENGINE=InnoDB AUTO_INCREMENT=15 DEFAULT CHARSET=utf8mb4 COLLATE=utf8mb4_general_ci;
/*!40101 SET character_set_client = @saved_cs_client */;

--
-- Dumping data for table `usuario`
--

LOCK TABLES `usuario` WRITE;
/*!40000 ALTER TABLE `usuario` DISABLE KEYS */;
INSERT INTO `usuario` VALUES (5,'119020345','ROBERT ARTURO QUESADA BORBON','rquesada20345@ufide.ac.cr','20345',1),(12,'305230298','IGNACIO ENRIQUE VARGAS MENDOZA','ivargas30298@ufide.ac.cr','30298',2),(13,'304590415','EDUARDO JOSE CALVO CASTILLO','ecalvo90415@ufide.ac.cr','90415',2),(14,'304590416','FRANCINI DE LOS ANGELES ROMERO ARAYA','ecalvo90416@ufide.ac.cr','90416',2);
/*!40000 ALTER TABLE `usuario` ENABLE KEYS */;
UNLOCK TABLES;

--
-- Table structure for table `usuario_oferta`
--

DROP TABLE IF EXISTS `usuario_oferta`;
/*!40101 SET @saved_cs_client     = @@character_set_client */;
/*!50503 SET character_set_client = utf8mb4 */;
CREATE TABLE `usuario_oferta` (
  `Id` bigint(11) NOT NULL AUTO_INCREMENT,
  `IdUsuario` bigint(11) NOT NULL,
  `IdOferta` bigint(11) NOT NULL,
  `Fecha` datetime(6) NOT NULL,
  `Estado` int(11) NOT NULL,
  PRIMARY KEY (`Id`),
  KEY `FK_RELACION_USUARIO` (`IdUsuario`),
  KEY `FK_RELACION_OFERTA` (`IdOferta`),
  KEY `FK_EstadosUsuarioOferta` (`Estado`),
  CONSTRAINT `FK_EstadosUsuarioOferta` FOREIGN KEY (`Estado`) REFERENCES `estados` (`Id`),
  CONSTRAINT `FK_RELACION_OFERTA` FOREIGN KEY (`IdOferta`) REFERENCES `oferta` (`Id`),
  CONSTRAINT `FK_RELACION_USUARIO` FOREIGN KEY (`IdUsuario`) REFERENCES `usuario` (`Id`)
) ENGINE=InnoDB AUTO_INCREMENT=12 DEFAULT CHARSET=utf8mb4 COLLATE=utf8mb4_general_ci;
/*!40101 SET character_set_client = @saved_cs_client */;

--
-- Dumping data for table `usuario_oferta`
--

LOCK TABLES `usuario_oferta` WRITE;
/*!40000 ALTER TABLE `usuario_oferta` DISABLE KEYS */;
INSERT INTO `usuario_oferta` VALUES (6,12,5,'2025-04-02 20:47:12.000000',2),(7,13,5,'2025-04-02 20:48:53.000000',3),(9,12,4,'2025-04-09 18:47:27.000000',1),(10,12,6,'2025-04-09 18:47:33.000000',4),(11,12,7,'2025-04-09 19:17:28.000000',5);
/*!40000 ALTER TABLE `usuario_oferta` ENABLE KEYS */;
UNLOCK TABLES;

--
-- Dumping routines for database 'mn_database'
--
/*!50003 DROP PROCEDURE IF EXISTS `SP_ActualizarContrasenna` */;
/*!50003 SET @saved_cs_client      = @@character_set_client */ ;
/*!50003 SET @saved_cs_results     = @@character_set_results */ ;
/*!50003 SET @saved_col_connection = @@collation_connection */ ;
/*!50003 SET character_set_client  = utf8mb4 */ ;
/*!50003 SET character_set_results = utf8mb4 */ ;
/*!50003 SET collation_connection  = utf8mb4_general_ci */ ;
/*!50003 SET @saved_sql_mode       = @@sql_mode */ ;
/*!50003 SET sql_mode              = 'NO_ZERO_IN_DATE,NO_ZERO_DATE,NO_ENGINE_SUBSTITUTION' */ ;
DELIMITER ;;
CREATE DEFINER=`root`@`localhost` PROCEDURE `SP_ActualizarContrasenna`(
	pId 	bigint(20),
	pContrasennaNueva varchar(15),
    pContrasennaActual varchar(15)
)
BEGIN

	DECLARE vActual varchar(15);
    DECLARE vResultado bool;
    
    SELECT  Contrasenna INTO vActual
    FROM 	usuario
    WHERE 	Id = pId;

	IF vActual = pContrasennaActual THEN
		
		UPDATE 	usuario
		SET 	Contrasenna = pContrasennaNueva
		WHERE 	Id 			= pId;
        
        SET vResultado = true;

	else
    
		SET vResultado = false;

	END IF;
    
    SELECT vResultado AS 'Resultado';

END ;;
DELIMITER ;
/*!50003 SET sql_mode              = @saved_sql_mode */ ;
/*!50003 SET character_set_client  = @saved_cs_client */ ;
/*!50003 SET character_set_results = @saved_cs_results */ ;
/*!50003 SET collation_connection  = @saved_col_connection */ ;
/*!50003 DROP PROCEDURE IF EXISTS `SP_ActualizarEstadoAplicacion` */;
/*!50003 SET @saved_cs_client      = @@character_set_client */ ;
/*!50003 SET @saved_cs_results     = @@character_set_results */ ;
/*!50003 SET @saved_col_connection = @@collation_connection */ ;
/*!50003 SET character_set_client  = utf8mb4 */ ;
/*!50003 SET character_set_results = utf8mb4 */ ;
/*!50003 SET collation_connection  = utf8mb4_general_ci */ ;
/*!50003 SET @saved_sql_mode       = @@sql_mode */ ;
/*!50003 SET sql_mode              = 'NO_ZERO_IN_DATE,NO_ZERO_DATE,NO_ENGINE_SUBSTITUTION' */ ;
DELIMITER ;;
CREATE DEFINER=`root`@`localhost` PROCEDURE `SP_ActualizarEstadoAplicacion`(pId bigint(11), pEstado int(11))
BEGIN

	UPDATE usuario_oferta
	SET Estado = pEstado
	WHERE Id = pId;

END ;;
DELIMITER ;
/*!50003 SET sql_mode              = @saved_sql_mode */ ;
/*!50003 SET character_set_client  = @saved_cs_client */ ;
/*!50003 SET character_set_results = @saved_cs_results */ ;
/*!50003 SET collation_connection  = @saved_col_connection */ ;
/*!50003 DROP PROCEDURE IF EXISTS `SP_ActualizarOferta` */;
/*!50003 SET @saved_cs_client      = @@character_set_client */ ;
/*!50003 SET @saved_cs_results     = @@character_set_results */ ;
/*!50003 SET @saved_col_connection = @@collation_connection */ ;
/*!50003 SET character_set_client  = utf8mb4 */ ;
/*!50003 SET character_set_results = utf8mb4 */ ;
/*!50003 SET collation_connection  = utf8mb4_general_ci */ ;
/*!50003 SET @saved_sql_mode       = @@sql_mode */ ;
/*!50003 SET sql_mode              = 'NO_ZERO_IN_DATE,NO_ZERO_DATE,NO_ENGINE_SUBSTITUTION' */ ;
DELIMITER ;;
CREATE DEFINER=`root`@`localhost` PROCEDURE `SP_ActualizarOferta`(pId bigint(20), 
																  pIdPuesto bigint(20), 
																  pSalario decimal(10,2), 
																  pHorario varchar(255),
                                                                  pEstado bit,
                                                                  pImagen varchar(2500))
BEGIN

	UPDATE oferta
	SET IdPuesto = pIdPuesto,
		Salario = pSalario,
		Horario = pHorario,
        Estado = pEstado,
        Imagen = CASE WHEN pImagen = '' THEN Imagen ELSE pImagen END
	WHERE Id = pId;
    
END ;;
DELIMITER ;
/*!50003 SET sql_mode              = @saved_sql_mode */ ;
/*!50003 SET character_set_client  = @saved_cs_client */ ;
/*!50003 SET character_set_results = @saved_cs_results */ ;
/*!50003 SET collation_connection  = @saved_col_connection */ ;
/*!50003 DROP PROCEDURE IF EXISTS `SP_ActualizarPuesto` */;
/*!50003 SET @saved_cs_client      = @@character_set_client */ ;
/*!50003 SET @saved_cs_results     = @@character_set_results */ ;
/*!50003 SET @saved_col_connection = @@collation_connection */ ;
/*!50003 SET character_set_client  = utf8mb4 */ ;
/*!50003 SET character_set_results = utf8mb4 */ ;
/*!50003 SET collation_connection  = utf8mb4_general_ci */ ;
/*!50003 SET @saved_sql_mode       = @@sql_mode */ ;
/*!50003 SET sql_mode              = 'NO_ZERO_IN_DATE,NO_ZERO_DATE,NO_ENGINE_SUBSTITUTION' */ ;
DELIMITER ;;
CREATE DEFINER=`root`@`localhost` PROCEDURE `SP_ActualizarPuesto`(pId bigint(20), pNombre VARCHAR(50), pDescripcion VARCHAR(255))
BEGIN

	UPDATE puesto
	SET Nombre = pNombre,
		Descripcion = pDescripcion
	WHERE Id = pId;

END ;;
DELIMITER ;
/*!50003 SET sql_mode              = @saved_sql_mode */ ;
/*!50003 SET character_set_client  = @saved_cs_client */ ;
/*!50003 SET character_set_results = @saved_cs_results */ ;
/*!50003 SET collation_connection  = @saved_col_connection */ ;
/*!50003 DROP PROCEDURE IF EXISTS `SP_ActualizarUsuario` */;
/*!50003 SET @saved_cs_client      = @@character_set_client */ ;
/*!50003 SET @saved_cs_results     = @@character_set_results */ ;
/*!50003 SET @saved_col_connection = @@collation_connection */ ;
/*!50003 SET character_set_client  = utf8mb4 */ ;
/*!50003 SET character_set_results = utf8mb4 */ ;
/*!50003 SET collation_connection  = utf8mb4_general_ci */ ;
/*!50003 SET @saved_sql_mode       = @@sql_mode */ ;
/*!50003 SET sql_mode              = 'NO_ZERO_IN_DATE,NO_ZERO_DATE,NO_ENGINE_SUBSTITUTION' */ ;
DELIMITER ;;
CREATE DEFINER=`root`@`localhost` PROCEDURE `SP_ActualizarUsuario`(pId bigint(20), 
										 pIdentificacion varchar(15), 
										 pNombre varchar(250), 
                                         pCorreo varchar(100))
BEGIN

	UPDATE usuario
    SET Identificacion = pIdentificacion,
		Nombre = pNombre,
        Correo = pCorreo
	WHERE Id = pId;

END ;;
DELIMITER ;
/*!50003 SET sql_mode              = @saved_sql_mode */ ;
/*!50003 SET character_set_client  = @saved_cs_client */ ;
/*!50003 SET character_set_results = @saved_cs_results */ ;
/*!50003 SET collation_connection  = @saved_col_connection */ ;
/*!50003 DROP PROCEDURE IF EXISTS `SP_AplicarOferta` */;
/*!50003 SET @saved_cs_client      = @@character_set_client */ ;
/*!50003 SET @saved_cs_results     = @@character_set_results */ ;
/*!50003 SET @saved_col_connection = @@collation_connection */ ;
/*!50003 SET character_set_client  = utf8mb4 */ ;
/*!50003 SET character_set_results = utf8mb4 */ ;
/*!50003 SET collation_connection  = utf8mb4_general_ci */ ;
/*!50003 SET @saved_sql_mode       = @@sql_mode */ ;
/*!50003 SET sql_mode              = 'NO_ZERO_IN_DATE,NO_ZERO_DATE,NO_ENGINE_SUBSTITUTION' */ ;
DELIMITER ;;
CREATE DEFINER=`root`@`localhost` PROCEDURE `SP_AplicarOferta`(
	pIdOferta 	bigint(11),
	pIdUsuario  bigint(11)
)
BEGIN

	DECLARE vCantidad INT;
    DECLARE vResultado BOOL;
    
    SELECT 	COUNT(*) INTO vCantidad
    FROM 	usuario_oferta
    WHERE 	IdUsuario = pIdUsuario
		AND IdOferta = pIdOferta;
    
    IF vCantidad = 0 THEN

		INSERT INTO usuario_oferta(`IdUsuario`,`IdOferta`,`Fecha`,`Estado`)
		VALUES (pIdUsuario, pIdOferta,NOW(),1);
        
        SET vResultado = true;

	ELSE
    
		SET vResultado = false;

	END IF;
    
    SELECT vResultado AS 'Resultado';

END ;;
DELIMITER ;
/*!50003 SET sql_mode              = @saved_sql_mode */ ;
/*!50003 SET character_set_client  = @saved_cs_client */ ;
/*!50003 SET character_set_results = @saved_cs_results */ ;
/*!50003 SET collation_connection  = @saved_col_connection */ ;
/*!50003 DROP PROCEDURE IF EXISTS `SP_ConsultarEstados` */;
/*!50003 SET @saved_cs_client      = @@character_set_client */ ;
/*!50003 SET @saved_cs_results     = @@character_set_results */ ;
/*!50003 SET @saved_col_connection = @@collation_connection */ ;
/*!50003 SET character_set_client  = utf8mb4 */ ;
/*!50003 SET character_set_results = utf8mb4 */ ;
/*!50003 SET collation_connection  = utf8mb4_general_ci */ ;
/*!50003 SET @saved_sql_mode       = @@sql_mode */ ;
/*!50003 SET sql_mode              = 'NO_ZERO_IN_DATE,NO_ZERO_DATE,NO_ENGINE_SUBSTITUTION' */ ;
DELIMITER ;;
CREATE DEFINER=`root`@`localhost` PROCEDURE `SP_ConsultarEstados`()
BEGIN

	SELECT	Id,
			Descripcion
	FROM 	estados;

END ;;
DELIMITER ;
/*!50003 SET sql_mode              = @saved_sql_mode */ ;
/*!50003 SET character_set_client  = @saved_cs_client */ ;
/*!50003 SET character_set_results = @saved_cs_results */ ;
/*!50003 SET collation_connection  = @saved_col_connection */ ;
/*!50003 DROP PROCEDURE IF EXISTS `SP_ConsultarOferta` */;
/*!50003 SET @saved_cs_client      = @@character_set_client */ ;
/*!50003 SET @saved_cs_results     = @@character_set_results */ ;
/*!50003 SET @saved_col_connection = @@collation_connection */ ;
/*!50003 SET character_set_client  = utf8mb4 */ ;
/*!50003 SET character_set_results = utf8mb4 */ ;
/*!50003 SET collation_connection  = utf8mb4_general_ci */ ;
/*!50003 SET @saved_sql_mode       = @@sql_mode */ ;
/*!50003 SET sql_mode              = 'NO_ZERO_IN_DATE,NO_ZERO_DATE,NO_ENGINE_SUBSTITUTION' */ ;
DELIMITER ;;
CREATE DEFINER=`root`@`localhost` PROCEDURE `SP_ConsultarOferta`(pId bigint(20))
BEGIN

	SELECT 	O.Id,
			IdPuesto,
            P.Nombre,
            P.Descripcion,
			Salario,
			Horario,
            Estado,
            CASE WHEN Estado = 1 THEN 'Activo' ELSE 'Inactivo' END DescripcionEstado,
            CASE WHEN Estado = 1 THEN 'checked' ELSE '' END IndicadorEstado,
            Imagen
	FROM 	oferta O
    INNER JOIN puesto P ON O.IdPuesto = P.Id
    WHERE O.Id = pId;

END ;;
DELIMITER ;
/*!50003 SET sql_mode              = @saved_sql_mode */ ;
/*!50003 SET character_set_client  = @saved_cs_client */ ;
/*!50003 SET character_set_results = @saved_cs_results */ ;
/*!50003 SET collation_connection  = @saved_col_connection */ ;
/*!50003 DROP PROCEDURE IF EXISTS `SP_ConsultarOfertas` */;
/*!50003 SET @saved_cs_client      = @@character_set_client */ ;
/*!50003 SET @saved_cs_results     = @@character_set_results */ ;
/*!50003 SET @saved_col_connection = @@collation_connection */ ;
/*!50003 SET character_set_client  = utf8mb4 */ ;
/*!50003 SET character_set_results = utf8mb4 */ ;
/*!50003 SET collation_connection  = utf8mb4_general_ci */ ;
/*!50003 SET @saved_sql_mode       = @@sql_mode */ ;
/*!50003 SET sql_mode              = 'NO_ZERO_IN_DATE,NO_ZERO_DATE,NO_ENGINE_SUBSTITUTION' */ ;
DELIMITER ;;
CREATE DEFINER=`root`@`localhost` PROCEDURE `SP_ConsultarOfertas`(pEstado bit)
BEGIN

	if pEstado = false then
		set pEstado = null;
	end if;

	SELECT 	O.Id,
			IdPuesto,
            P.Nombre,
            P.Descripcion,
			Salario,
			Horario,
            O.Estado,
            CASE WHEN O.Estado = 1 THEN 'Activo' ELSE 'Inactivo' END DescripcionEstado,
            Imagen,
            COUNT(UO.IdOferta) AS CANTIDAD_APLICACIONES
	FROM 	oferta O
    INNER JOIN puesto P ON O.IdPuesto = P.Id
    LEFT JOIN usuario_oferta UO ON O.Id = UO.IdOferta
    WHERE O.Estado = IFNULL(pEstado,O.Estado)
    group by O.Id,
			IdPuesto,
            P.Nombre,
            P.Descripcion,
			Salario,
			Horario,
            O.Estado,
            DescripcionEstado,
            Imagen;

END ;;
DELIMITER ;
/*!50003 SET sql_mode              = @saved_sql_mode */ ;
/*!50003 SET character_set_client  = @saved_cs_client */ ;
/*!50003 SET character_set_results = @saved_cs_results */ ;
/*!50003 SET collation_connection  = @saved_col_connection */ ;
/*!50003 DROP PROCEDURE IF EXISTS `SP_ConsultarOfertasPopulares` */;
/*!50003 SET @saved_cs_client      = @@character_set_client */ ;
/*!50003 SET @saved_cs_results     = @@character_set_results */ ;
/*!50003 SET @saved_col_connection = @@collation_connection */ ;
/*!50003 SET character_set_client  = utf8mb4 */ ;
/*!50003 SET character_set_results = utf8mb4 */ ;
/*!50003 SET collation_connection  = utf8mb4_general_ci */ ;
/*!50003 SET @saved_sql_mode       = @@sql_mode */ ;
/*!50003 SET sql_mode              = 'NO_ZERO_IN_DATE,NO_ZERO_DATE,NO_ENGINE_SUBSTITUTION' */ ;
DELIMITER ;;
CREATE DEFINER=`root`@`localhost` PROCEDURE `SP_ConsultarOfertasPopulares`()
BEGIN
    
    -- MUESTRA EL TOP 4 DE LAS OFERTAS MÁS APLICADAS 
    SELECT  O.Id,
			IdPuesto,
            P.Nombre,
            P.Descripcion,
			Salario,
			Horario,
            O.Estado,
            CASE WHEN O.Estado = 1 THEN 'Activo' ELSE 'Inactivo' END DescripcionEstado,
            Imagen,
            COUNT(UO.IdOferta) AS CANTIDAD_APLICACIONES
	FROM 	oferta O
    INNER JOIN puesto P ON O.IdPuesto = P.Id
    LEFT JOIN usuario_oferta UO ON O.Id = UO.IdOferta
    WHERE O.Estado = 1
    group by O.Id,
			IdPuesto,
            P.Nombre,
            P.Descripcion,
			Salario,
			Horario,
            O.Estado,
            DescripcionEstado,
            Imagen
	ORDER BY CANTIDAD_APLICACIONES DESC, O.SALARIO DESC
    LIMIT 3;

END ;;
DELIMITER ;
/*!50003 SET sql_mode              = @saved_sql_mode */ ;
/*!50003 SET character_set_client  = @saved_cs_client */ ;
/*!50003 SET character_set_results = @saved_cs_results */ ;
/*!50003 SET collation_connection  = @saved_col_connection */ ;
/*!50003 DROP PROCEDURE IF EXISTS `SP_ConsultarOfertasUsuario` */;
/*!50003 SET @saved_cs_client      = @@character_set_client */ ;
/*!50003 SET @saved_cs_results     = @@character_set_results */ ;
/*!50003 SET @saved_col_connection = @@collation_connection */ ;
/*!50003 SET character_set_client  = utf8mb4 */ ;
/*!50003 SET character_set_results = utf8mb4 */ ;
/*!50003 SET collation_connection  = utf8mb4_general_ci */ ;
/*!50003 SET @saved_sql_mode       = @@sql_mode */ ;
/*!50003 SET sql_mode              = 'NO_ZERO_IN_DATE,NO_ZERO_DATE,NO_ENGINE_SUBSTITUTION' */ ;
DELIMITER ;;
CREATE DEFINER=`root`@`localhost` PROCEDURE `SP_ConsultarOfertasUsuario`(pId bigint(20))
BEGIN

	IF pId = -1 THEN
		SET pId = NULL;
	END IF;

	SELECT	UO.Id,
			IdUsuario,
			IdOferta,
			Fecha,
			E.Descripcion 'DescripcionEstado',
            O.Salario, 
			O.Horario,
            O.Imagen,
            P.Nombre,
            P.Descripcion,
            U.Nombre 'NombreUsuario',
            UO.Estado
		FROM usuario_oferta UO
        INNER JOIN oferta O ON UO.IdOferta = O.Id
        INNER JOIN puesto P ON O.IdPuesto = P.Id
        INNER JOIN estados E ON UO.Estado = E.Id
        INNER JOIN usuario U ON UO.IdUsuario = U.Id
	WHERE IdUsuario = ifnull(pId,IdUsuario)
    ORDER BY IdOferta;
    
END ;;
DELIMITER ;
/*!50003 SET sql_mode              = @saved_sql_mode */ ;
/*!50003 SET character_set_client  = @saved_cs_client */ ;
/*!50003 SET character_set_results = @saved_cs_results */ ;
/*!50003 SET collation_connection  = @saved_col_connection */ ;
/*!50003 DROP PROCEDURE IF EXISTS `SP_ConsultarPuesto` */;
/*!50003 SET @saved_cs_client      = @@character_set_client */ ;
/*!50003 SET @saved_cs_results     = @@character_set_results */ ;
/*!50003 SET @saved_col_connection = @@collation_connection */ ;
/*!50003 SET character_set_client  = utf8mb4 */ ;
/*!50003 SET character_set_results = utf8mb4 */ ;
/*!50003 SET collation_connection  = utf8mb4_general_ci */ ;
/*!50003 SET @saved_sql_mode       = @@sql_mode */ ;
/*!50003 SET sql_mode              = 'NO_ZERO_IN_DATE,NO_ZERO_DATE,NO_ENGINE_SUBSTITUTION' */ ;
DELIMITER ;;
CREATE DEFINER=`root`@`localhost` PROCEDURE `SP_ConsultarPuesto`(pId bigint(20))
BEGIN

	SELECT	Id,
			Nombre,
			Descripcion
	FROM 	puesto
    WHERE   Id = pId;

END ;;
DELIMITER ;
/*!50003 SET sql_mode              = @saved_sql_mode */ ;
/*!50003 SET character_set_client  = @saved_cs_client */ ;
/*!50003 SET character_set_results = @saved_cs_results */ ;
/*!50003 SET collation_connection  = @saved_col_connection */ ;
/*!50003 DROP PROCEDURE IF EXISTS `SP_ConsultarPuestos` */;
/*!50003 SET @saved_cs_client      = @@character_set_client */ ;
/*!50003 SET @saved_cs_results     = @@character_set_results */ ;
/*!50003 SET @saved_col_connection = @@collation_connection */ ;
/*!50003 SET character_set_client  = utf8mb4 */ ;
/*!50003 SET character_set_results = utf8mb4 */ ;
/*!50003 SET collation_connection  = utf8mb4_general_ci */ ;
/*!50003 SET @saved_sql_mode       = @@sql_mode */ ;
/*!50003 SET sql_mode              = 'NO_ZERO_IN_DATE,NO_ZERO_DATE,NO_ENGINE_SUBSTITUTION' */ ;
DELIMITER ;;
CREATE DEFINER=`root`@`localhost` PROCEDURE `SP_ConsultarPuestos`()
BEGIN

	SELECT	Id,
			Nombre,
			Descripcion
	FROM 	puesto;

END ;;
DELIMITER ;
/*!50003 SET sql_mode              = @saved_sql_mode */ ;
/*!50003 SET character_set_client  = @saved_cs_client */ ;
/*!50003 SET character_set_results = @saved_cs_results */ ;
/*!50003 SET collation_connection  = @saved_col_connection */ ;
/*!50003 DROP PROCEDURE IF EXISTS `SP_ConsultarUsuario` */;
/*!50003 SET @saved_cs_client      = @@character_set_client */ ;
/*!50003 SET @saved_cs_results     = @@character_set_results */ ;
/*!50003 SET @saved_col_connection = @@collation_connection */ ;
/*!50003 SET character_set_client  = utf8mb4 */ ;
/*!50003 SET character_set_results = utf8mb4 */ ;
/*!50003 SET collation_connection  = utf8mb4_general_ci */ ;
/*!50003 SET @saved_sql_mode       = @@sql_mode */ ;
/*!50003 SET sql_mode              = 'NO_ZERO_IN_DATE,NO_ZERO_DATE,NO_ENGINE_SUBSTITUTION' */ ;
DELIMITER ;;
CREATE DEFINER=`root`@`localhost` PROCEDURE `SP_ConsultarUsuario`(pId bigint(20))
BEGIN

	SELECT	U.Id,
			Identificacion,
			U.Nombre 'NombreUsuario',
			Correo,
			Contrasenna,
            IdPerfil,
            P.Nombre 'NombrePerfil'
	FROM 	usuario U
    INNER JOIN perfil P ON U.IdPerfil = P.Id 
	WHERE 	U.Id = pId;

END ;;
DELIMITER ;
/*!50003 SET sql_mode              = @saved_sql_mode */ ;
/*!50003 SET character_set_client  = @saved_cs_client */ ;
/*!50003 SET character_set_results = @saved_cs_results */ ;
/*!50003 SET collation_connection  = @saved_col_connection */ ;
/*!50003 DROP PROCEDURE IF EXISTS `SP_CrearOferta` */;
/*!50003 SET @saved_cs_client      = @@character_set_client */ ;
/*!50003 SET @saved_cs_results     = @@character_set_results */ ;
/*!50003 SET @saved_col_connection = @@collation_connection */ ;
/*!50003 SET character_set_client  = utf8mb4 */ ;
/*!50003 SET character_set_results = utf8mb4 */ ;
/*!50003 SET collation_connection  = utf8mb4_general_ci */ ;
/*!50003 SET @saved_sql_mode       = @@sql_mode */ ;
/*!50003 SET sql_mode              = 'NO_ZERO_IN_DATE,NO_ZERO_DATE,NO_ENGINE_SUBSTITUTION' */ ;
DELIMITER ;;
CREATE DEFINER=`root`@`localhost` PROCEDURE `SP_CrearOferta`(pIdPuesto bigint(20), 
															 pSalario decimal(10,2), 
                                                             pHorario varchar(255),
                                                             pImagen varchar(2500))
BEGIN

	INSERT INTO oferta(IdPuesto,Salario,Horario,Estado,Imagen)
	VALUES (pIdPuesto,pSalario,pHorario,1,pImagen);

END ;;
DELIMITER ;
/*!50003 SET sql_mode              = @saved_sql_mode */ ;
/*!50003 SET character_set_client  = @saved_cs_client */ ;
/*!50003 SET character_set_results = @saved_cs_results */ ;
/*!50003 SET collation_connection  = @saved_col_connection */ ;
/*!50003 DROP PROCEDURE IF EXISTS `SP_CrearPuesto` */;
/*!50003 SET @saved_cs_client      = @@character_set_client */ ;
/*!50003 SET @saved_cs_results     = @@character_set_results */ ;
/*!50003 SET @saved_col_connection = @@collation_connection */ ;
/*!50003 SET character_set_client  = utf8mb4 */ ;
/*!50003 SET character_set_results = utf8mb4 */ ;
/*!50003 SET collation_connection  = utf8mb4_general_ci */ ;
/*!50003 SET @saved_sql_mode       = @@sql_mode */ ;
/*!50003 SET sql_mode              = 'NO_ZERO_IN_DATE,NO_ZERO_DATE,NO_ENGINE_SUBSTITUTION' */ ;
DELIMITER ;;
CREATE DEFINER=`root`@`localhost` PROCEDURE `SP_CrearPuesto`(pNombre VARCHAR(50), pDescripcion VARCHAR(255))
BEGIN

	INSERT INTO puesto(Nombre,Descripcion)
	VALUES(pNombre,pDescripcion);

END ;;
DELIMITER ;
/*!50003 SET sql_mode              = @saved_sql_mode */ ;
/*!50003 SET character_set_client  = @saved_cs_client */ ;
/*!50003 SET character_set_results = @saved_cs_results */ ;
/*!50003 SET collation_connection  = @saved_col_connection */ ;
/*!50003 DROP PROCEDURE IF EXISTS `SP_IniciarSesion` */;
/*!50003 SET @saved_cs_client      = @@character_set_client */ ;
/*!50003 SET @saved_cs_results     = @@character_set_results */ ;
/*!50003 SET @saved_col_connection = @@collation_connection */ ;
/*!50003 SET character_set_client  = utf8mb4 */ ;
/*!50003 SET character_set_results = utf8mb4 */ ;
/*!50003 SET collation_connection  = utf8mb4_general_ci */ ;
/*!50003 SET @saved_sql_mode       = @@sql_mode */ ;
/*!50003 SET sql_mode              = 'NO_ZERO_IN_DATE,NO_ZERO_DATE,NO_ENGINE_SUBSTITUTION' */ ;
DELIMITER ;;
CREATE DEFINER=`root`@`localhost` PROCEDURE `SP_IniciarSesion`(
	pIdentificacion varchar(15),
	pContrasenna varchar(15)
)
BEGIN

	SELECT	U.Id,
			Identificacion,
			U.Nombre 'NombreUsuario',
			Correo,
			Contrasenna,
            IdPerfil,
            P.Nombre 'NombrePerfil'
	FROM 	usuario U
    INNER JOIN perfil P ON U.IdPerfil = P.Id 
	WHERE 	Identificacion = pIdentificacion
		AND Contrasenna = pContrasenna;

END ;;
DELIMITER ;
/*!50003 SET sql_mode              = @saved_sql_mode */ ;
/*!50003 SET character_set_client  = @saved_cs_client */ ;
/*!50003 SET character_set_results = @saved_cs_results */ ;
/*!50003 SET collation_connection  = @saved_col_connection */ ;
/*!50003 DROP PROCEDURE IF EXISTS `SP_RecuperarContrasenna` */;
/*!50003 SET @saved_cs_client      = @@character_set_client */ ;
/*!50003 SET @saved_cs_results     = @@character_set_results */ ;
/*!50003 SET @saved_col_connection = @@collation_connection */ ;
/*!50003 SET character_set_client  = utf8mb4 */ ;
/*!50003 SET character_set_results = utf8mb4 */ ;
/*!50003 SET collation_connection  = utf8mb4_general_ci */ ;
/*!50003 SET @saved_sql_mode       = @@sql_mode */ ;
/*!50003 SET sql_mode              = 'NO_ZERO_IN_DATE,NO_ZERO_DATE,NO_ENGINE_SUBSTITUTION' */ ;
DELIMITER ;;
CREATE DEFINER=`root`@`localhost` PROCEDURE `SP_RecuperarContrasenna`(
	pId 	bigint(20),
	pCodigo varchar(6)
)
BEGIN

	UPDATE 	usuario
    SET 	Contrasenna = pCodigo
    WHERE 	Id = pId;

END ;;
DELIMITER ;
/*!50003 SET sql_mode              = @saved_sql_mode */ ;
/*!50003 SET character_set_client  = @saved_cs_client */ ;
/*!50003 SET character_set_results = @saved_cs_results */ ;
/*!50003 SET collation_connection  = @saved_col_connection */ ;
/*!50003 DROP PROCEDURE IF EXISTS `SP_RegistrarCuenta` */;
/*!50003 SET @saved_cs_client      = @@character_set_client */ ;
/*!50003 SET @saved_cs_results     = @@character_set_results */ ;
/*!50003 SET @saved_col_connection = @@collation_connection */ ;
/*!50003 SET character_set_client  = utf8mb4 */ ;
/*!50003 SET character_set_results = utf8mb4 */ ;
/*!50003 SET collation_connection  = utf8mb4_general_ci */ ;
/*!50003 SET @saved_sql_mode       = @@sql_mode */ ;
/*!50003 SET sql_mode              = 'NO_ZERO_IN_DATE,NO_ZERO_DATE,NO_ENGINE_SUBSTITUTION' */ ;
DELIMITER ;;
CREATE DEFINER=`root`@`localhost` PROCEDURE `SP_RegistrarCuenta`(
	pIdentificacion varchar(15),
	pNombre varchar(250),
	pCorreo varchar(100),
	pContrasenna varchar(15)
)
BEGIN

	INSERT INTO `mn_database`.`usuario`(`Identificacion`,`Nombre`,`Correo`,`Contrasenna`,`IdPerfil`)
	VALUES(pIdentificacion,pNombre,pCorreo,pContrasenna,2);

END ;;
DELIMITER ;
/*!50003 SET sql_mode              = @saved_sql_mode */ ;
/*!50003 SET character_set_client  = @saved_cs_client */ ;
/*!50003 SET character_set_results = @saved_cs_results */ ;
/*!50003 SET collation_connection  = @saved_col_connection */ ;
/*!50003 DROP PROCEDURE IF EXISTS `SP_ValidarUsuarioCorreo` */;
/*!50003 SET @saved_cs_client      = @@character_set_client */ ;
/*!50003 SET @saved_cs_results     = @@character_set_results */ ;
/*!50003 SET @saved_col_connection = @@collation_connection */ ;
/*!50003 SET character_set_client  = utf8mb4 */ ;
/*!50003 SET character_set_results = utf8mb4 */ ;
/*!50003 SET collation_connection  = utf8mb4_general_ci */ ;
/*!50003 SET @saved_sql_mode       = @@sql_mode */ ;
/*!50003 SET sql_mode              = 'NO_ZERO_IN_DATE,NO_ZERO_DATE,NO_ENGINE_SUBSTITUTION' */ ;
DELIMITER ;;
CREATE DEFINER=`root`@`localhost` PROCEDURE `SP_ValidarUsuarioCorreo`(
	pCorreo varchar(100)
)
BEGIN

	SELECT	U.Id,
			Identificacion,
			U.Nombre 'NombreUsuario',
			Correo,
			Contrasenna,
            IdPerfil,
            P.Nombre 'NombrePerfil'
	FROM 	usuario U
    INNER JOIN perfil P ON U.IdPerfil = P.Id 
	WHERE 	Correo = pCorreo;

END ;;
DELIMITER ;
/*!50003 SET sql_mode              = @saved_sql_mode */ ;
/*!50003 SET character_set_client  = @saved_cs_client */ ;
/*!50003 SET character_set_results = @saved_cs_results */ ;
/*!50003 SET collation_connection  = @saved_col_connection */ ;
/*!40103 SET TIME_ZONE=@OLD_TIME_ZONE */;

/*!40101 SET SQL_MODE=@OLD_SQL_MODE */;
/*!40014 SET FOREIGN_KEY_CHECKS=@OLD_FOREIGN_KEY_CHECKS */;
/*!40014 SET UNIQUE_CHECKS=@OLD_UNIQUE_CHECKS */;
/*!40101 SET CHARACTER_SET_CLIENT=@OLD_CHARACTER_SET_CLIENT */;
/*!40101 SET CHARACTER_SET_RESULTS=@OLD_CHARACTER_SET_RESULTS */;
/*!40101 SET COLLATION_CONNECTION=@OLD_COLLATION_CONNECTION */;
/*!40111 SET SQL_NOTES=@OLD_SQL_NOTES */;

-- Dump completed on 2025-04-09 21:11:59